fid,l_l_lockdownareacode,l_l_widerlacode,l_Category,l_Country,l_restrictions,l_tier,l_url_local,l_url_national,l_local_ruleofsix,l_local_householdmixing,l_local_raves,l_local_stayinglocal,l_local_stayinghome,l_local_notstayingaway,l_local_businessclosures,l_local_openinghours,l_local_alcoholsalesrestrictions,l_national_socialgatherings,l_national_ruleofsix,l_national_householdmixing,l_national_smallgatherings,l_national_raves,l_national_stayinglocal,l_national_stayinghome,l_national_notstayingaway,l_national_businessclosures,l_national_openinghours,l_national_alcoholsalesrestrictions,l_national_travelrestrictions
7426,E08000010,E08000010,Wigan,E,Local,Very High,https://www.gov.uk/guidance/local-covid-alert-level-very-high,,1,1,1,0,0,0,1,1,0,0,0,0,0,0,0,0,0,0,0,0,0
5073,E09000004,E09000004,Bexley,E,Local,High,https://www.gov.uk/guidance/local-covid-alert-level-high,,1,1,1,0,0,0,1,1,0,0,0,0,0,0,0,0,0,0,0,0,0
4122,E08000018,E08000018,Rotherham,E,Local,Very High,https://www.gov.uk/guidance/local-covid-alert-level-very-high,,1,1,1,0,0,0,1,1,0,0,0,0,0,0,0,0,0,0,0,0,0
3954,S12000021,S12000021,North Ayrshire,S,Local,,https://www.gov.scot/news/new-moves-to-stop-covid-19-spread/,https://www.gov.scot/publications/coronavirus-covid-19-what-you-can-and-cannot-do/,0,0,0,0,0,0,1,0,1,0,1,1,0,0,0,0,0,1,1,0,0
5664,S12000038,S12000038,Renfrewshire,S,Local,,https://www.gov.scot/news/new-moves-to-stop-covid-19-spread/,https://www.gov.scot/publications/coronavirus-covid-19-what-you-can-and-cannot-do/,0,0,0,0,0,0,1,0,1,0,1,1,0,0,0,0,0,1,1,0,0
4072,E09000007,E09000007,Camden,E,Local,High,https://www.gov.uk/guidance/local-covid-alert-level-high,,1,1,1,0,0,0,1,1,0,0,0,0,0,0,0,0,0,0,0,0,0
5652,S12000008,S12000008,East Ayrshire,S,Local,,https://www.gov.scot/news/new-moves-to-stop-covid-19-spread/,https://www.gov.scot/publications/coronavirus-covid-19-what-you-can-and-cannot-do/,0,0,0,0,0,0,1,0,1,0,1,1,0,0,0,0,0,1,1,0,0
4077,E09000015,E09000015,Harrow,E,Local,High,https://www.gov.uk/guidance/local-covid-alert-level-high,,1,1,1,0,0,0,1,1,0,0,0,0,0,0,0,0,0,0,0,0,0
8229,E07000072,E07000072,Epping Forest,E,Local,High,https://www.gov.uk/guidance/local-covid-alert-level-high,,1,1,1,0,0,0,1,1,0,0,0,0,0,0,0,0,0,0,0,0,0
5118,E06000008,E06000008,Blackburn with Darwen,E,Local,Very High,https://www.gov.uk/guidance/local-covid-alert-level-very-high,,1,1,1,0,0,0,1,1,0,0,0,0,0,0,0,0,0,0,0,0,0
4108,E08000014,E08000014,Sefton,E,Local,Very High,https://www.gov.uk/guidance/local-covid-alert-level-very-high,,1,1,1,0,0,0,1,1,0,0,0,0,0,0,0,0,0,0,0,0,0
8587,E07000125,E07000125,Rossendale,E,Local,Very High,https://www.gov.uk/guidance/local-covid-alert-level-very-high,,1,1,1,0,0,0,1,1,0,0,0,0,0,0,0,0,0,0,0,0,0
9834,E06000039,E06000039,Slough,E,Local,High,https://www.gov.uk/guidance/local-covid-alert-level-high,,1,1,1,0,0,0,1,1,0,0,0,0,0,0,0,0,0,0,0,0,0
5498,S12000040,S12000040,West Lothian,S,Local,,https://www.gov.scot/news/new-moves-to-stop-covid-19-spread/,https://www.gov.scot/publications/coronavirus-covid-19-what-you-can-and-cannot-do/,0,0,0,0,0,0,1,0,1,0,1,1,0,0,0,0,0,1,1,0,0
3282,S12000036,S12000036,City of Edinburgh,S,Local,,https://www.gov.scot/news/new-moves-to-stop-covid-19-spread/,https://www.gov.scot/publications/coronavirus-covid-19-what-you-can-and-cannot-do/,0,0,0,0,0,0,1,0,1,0,1,1,0,0,0,0,0,1,1,0,0
3279,S12000010,S12000010,East Lothian,S,Local,,https://www.gov.scot/news/new-moves-to-stop-covid-19-spread/,https://www.gov.scot/publications/coronavirus-covid-19-what-you-can-and-cannot-do/,0,0,0,0,0,0,1,0,1,0,1,1,0,0,0,0,0,1,1,0,0
4541,E07000119,E07000119,Fylde,E,Local,Very High,https://www.gov.uk/guidance/local-covid-alert-level-very-high,,1,1,1,0,0,0,1,1,0,0,0,0,0,0,0,0,0,0,0,0,0
5253,E06000050,E06000050,Cheshire West and Chester,E,Local,High,https://www.gov.uk/guidance/local-covid-alert-level-high,,1,1,1,0,0,0,1,1,0,0,0,0,0,0,0,0,0,0,0,0,0
5356,E07000176,E07000176,Rushcliffe,E,Local,Very High,https://www.gov.uk/guidance/local-covid-alert-level-very-high,,1,1,1,0,0,0,1,1,1,0,0,0,0,0,0,0,0,0,0,0,0
5031,E08000011,E08000011,Knowsley,E,Local,Very High,https://www.gov.uk/guidance/local-covid-alert-level-very-high,,1,1,1,0,0,0,1,1,0,0,0,0,0,0,0,0,0,0,0,0,0
3266,S12000005,S12000005,Clackmannanshire,S,Local,,https://www.gov.scot/news/new-moves-to-stop-covid-19-spread/,https://www.gov.scot/publications/coronavirus-covid-19-what-you-can-and-cannot-do/,0,0,0,0,0,0,1,0,1,0,1,1,0,0,0,0,0,1,1,0,0
121,E07000121,E07000121,Lancaster,E,Local,Very High,https://www.gov.uk/guidance/local-covid-alert-level-very-high,,1,1,1,0,0,0,1,1,0,0,0,0,0,0,0,0,0,0,0,0,0
8207,E07000070,E07000070,Chelmsford,E,Local,High,https://www.gov.uk/guidance/local-covid-alert-level-high,,1,1,1,0,0,0,1,1,0,0,0,0,0,0,0,0,0,0,0,0,0
12948,S12000019,S12000019,Midlothian,S,Local,,https://www.gov.scot/news/new-moves-to-stop-covid-19-spread/,https://www.gov.scot/publications/coronavirus-covid-19-what-you-can-and-cannot-do/,0,0,0,0,0,0,1,0,1,0,1,1,0,0,0,0,0,1,1,0,0
7405,E08000009,E08000009,Trafford,E,Local,Very High,https://www.gov.uk/guidance/local-covid-alert-level-very-high,,1,1,1,0,0,0,1,1,0,0,0,0,0,0,0,0,0,0,0,0,0
7478,E08000013,E08000013,St. Helens,E,Local,Very High,https://www.gov.uk/guidance/local-covid-alert-level-very-high,,1,1,1,0,0,0,1,1,0,0,0,0,0,0,0,0,0,0,0,0,0
6963,E09000010,E09000010,Enfield,E,Local,High,https://www.gov.uk/guidance/local-covid-alert-level-high,,1,1,1,0,0,0,1,1,0,0,0,0,0,0,0,0,0,0,0,0,0
27,E07000069,E07000069,Castle Point,E,Local,High,https://www.gov.uk/guidance/local-covid-alert-level-high,,1,1,1,0,0,0,1,1,0,0,0,0,0,0,0,0,0,0,0,0,0
26,E07000027,E07000027,Barrow-in-Furness,E,Local,High,https://www.gov.uk/guidance/local-covid-alert-level-high,,1,1,1,0,0,0,1,1,0,0,0,0,0,0,0,0,0,0,0,0,0
5097,E08000021,E08000021,Newcastle upon Tyne,E,Local,High,https://www.gov.uk/guidance/local-covid-alert-level-high,,1,1,1,0,0,0,1,1,0,0,0,0,0,0,0,0,0,0,0,0,0
12887,S12000045,S12000045,East Dunbartonshire,S,Local,,https://www.gov.scot/news/new-moves-to-stop-covid-19-spread/,https://www.gov.scot/publications/coronavirus-covid-19-what-you-can-and-cannot-do/,0,0,0,0,0,0,1,0,1,0,1,1,0,0,0,0,0,1,1,0,0
7083,E09000018,E09000018,Hounslow,E,Local,High,https://www.gov.uk/guidance/local-covid-alert-level-high,,1,1,1,0,0,0,1,1,0,0,0,0,0,0,0,0,0,0,0,0,0
4080,E09000009,E09000009,Ealing,E,Local,High,https://www.gov.uk/guidance/local-covid-alert-level-high,,1,1,1,0,0,0,1,1,0,0,0,0,0,0,0,0,0,0,0,0,0
4097,E08000001,E08000001,Bolton,E,Local,Very High,https://www.gov.uk/guidance/local-covid-alert-level-very-high,,1,1,1,0,0,0,1,1,0,0,0,0,0,0,0,0,0,0,0,0,0
4,E08000022,E08000022,North Tyneside,E,Local,High,https://www.gov.uk/guidance/local-covid-alert-level-high,,1,1,1,0,0,0,1,1,0,0,0,0,0,0,0,0,0,0,0,0,0
6985,E09000011,E09000011,Greenwich,E,Local,High,https://www.gov.uk/guidance/local-covid-alert-level-high,,1,1,1,0,0,0,1,1,0,0,0,0,0,0,0,0,0,0,0,0,0
4152,E08000031,E08000031,Wolverhampton,E,Local,High,https://www.gov.uk/guidance/local-covid-alert-level-high,,1,1,1,0,0,0,1,1,0,0,0,0,0,0,0,0,0,0,0,0,0
7624,E08000026,E08000026,Coventry,E,Local,High,https://www.gov.uk/guidance/local-covid-alert-level-high,,1,1,1,0,0,0,1,1,0,0,0,0,0,0,0,0,0,0,0,0,0
4780,E09000020,E09000020,Kensington and Chelsea,E,Local,High,https://www.gov.uk/guidance/local-covid-alert-level-high,,1,1,1,0,0,0,1,1,0,0,0,0,0,0,0,0,0,0,0,0,0
5078,E09000026,E09000026,Redbridge,E,Local,High,https://www.gov.uk/guidance/local-covid-alert-level-high,,1,1,1,0,0,0,1,1,0,0,0,0,0,0,0,0,0,0,0,0,0
5673,S12000029,S12000029,South Lanarkshire,S,Local,,https://www.gov.scot/news/new-moves-to-stop-covid-19-spread/,https://www.gov.scot/publications/coronavirus-covid-19-what-you-can-and-cannot-do/,0,0,0,0,0,0,1,0,1,0,1,1,0,0,0,0,0,1,1,0,0
4688,E06000001,E06000001,Hartlepool,E,Local,High,https://www.gov.uk/guidance/local-covid-alert-level-high,,1,1,1,0,0,0,1,1,0,0,0,0,0,0,0,0,0,0,0,0,0
4274,E07000034,E07000034,Chesterfield,E,Local,High,https://www.gov.uk/guidance/local-covid-alert-level-high,,1,1,1,0,0,0,1,1,0,0,0,0,0,0,0,0,0,0,0,0,0
4126,E08000037,E08000037,Gateshead,E,Local,High,https://www.gov.uk/guidance/local-covid-alert-level-high,,1,1,1,0,0,0,1,1,0,0,0,0,0,0,0,0,0,0,0,0,0
10504,E07000067,E07000067,Braintree,E,Local,High,https://www.gov.uk/guidance/local-covid-alert-level-high,,1,1,1,0,0,0,1,1,0,0,0,0,0,0,0,0,0,0,0,0,0
10459,E06000014,E06000014,York,E,Local,High,https://www.gov.uk/guidance/local-covid-alert-level-high,,1,1,1,0,0,0,1,1,0,0,0,0,0,0,0,0,0,0,0,0,0
134,E07000128,E07000128,Wyre,E,Local,Very High,https://www.gov.uk/guidance/local-covid-alert-level-very-high,,1,1,1,0,0,0,1,1,0,0,0,0,0,0,0,0,0,0,0,0,0
4558,E07000127,E07000127,West Lancashire,E,Local,Very High,https://www.gov.uk/guidance/local-covid-alert-level-very-high,,1,1,1,0,0,0,1,1,0,0,0,0,0,0,0,0,0,0,0,0,0
4069,E09000006,E09000006,Bromley,E,Local,High,https://www.gov.uk/guidance/local-covid-alert-level-high,,1,1,1,0,0,0,1,1,0,0,0,0,0,0,0,0,0,0,0,0,0
6065,E08000036,E08000036,Wakefield,E,Local,High,https://www.gov.uk/guidance/local-covid-alert-level-high,,1,1,1,0,0,0,1,1,0,0,0,0,0,0,0,0,0,0,0,0,0
4955,E06000005,E06000005,Darlington,E,Local,High,https://www.gov.uk/guidance/local-covid-alert-level-high,,1,1,1,0,0,0,1,1,0,0,0,0,0,0,0,0,0,0,0,0,0
7112,E09000021,E09000021,Kingston upon Thames,E,Local,High,https://www.gov.uk/guidance/local-covid-alert-level-high,,1,1,1,0,0,0,1,1,0,0,0,0,0,0,0,0,0,0,0,0,0
4282,E07000068,E07000068,Brentwood,E,Local,High,https://www.gov.uk/guidance/local-covid-alert-level-high,,1,1,1,0,0,0,1,1,0,0,0,0,0,0,0,0,0,0,0,0,0
4071,E09000005,E09000005,Brent,E,Local,High,https://www.gov.uk/guidance/local-covid-alert-level-high,,1,1,1,0,0,0,1,1,0,0,0,0,0,0,0,0,0,0,0,0,0
6139,E07000036,E07000036,Erewash,E,Local,High,https://www.gov.uk/guidance/local-covid-alert-level-high,,1,1,1,0,0,0,1,1,0,0,0,0,0,0,0,0,0,0,0,0,0
7524,E08000016,E08000016,Barnsley,E,Local,Very High,https://www.gov.uk/guidance/local-covid-alert-level-very-high,,1,1,1,0,0,0,1,1,0,0,0,0,0,0,0,0,0,0,0,0,0
4552,E07000122,E07000122,Pendle,E,Local,Very High,https://www.gov.uk/guidance/local-covid-alert-level-very-high,,1,1,1,0,0,0,1,1,0,0,0,0,0,0,0,0,0,0,0,0,0
411,,,Rest of Scotland,S,National,,,https://www.gov.scot/publications/coronavirus-covid-19-what-you-can-and-cannot-do/,0,0,0,0,0,0,0,0,0,0,1,1,0,0,0,0,0,1,1,1,0
5087,E08000003,E08000003,Manchester,E,Local,Very High,https://www.gov.uk/guidance/local-covid-alert-level-very-high,,1,1,1,0,0,0,1,1,0,0,0,0,0,0,0,0,0,0,0,0,0
10981,E06000007,E06000007,Warrington,E,Local,Very High,https://www.gov.uk/guidance/local-covid-alert-level-very-high,,1,1,1,0,0,0,1,1,0,0,0,0,0,0,0,0,0,0,0,0,0
5100,E09000008,E09000008,Croydon,E,Local,High,https://www.gov.uk/guidance/local-covid-alert-level-high,,1,1,1,0,0,0,1,1,0,0,0,0,0,0,0,0,0,0,0,0,0
11865,E07000123,E07000123,Preston,E,Local,Very High,https://www.gov.uk/guidance/local-covid-alert-level-very-high,,1,1,1,0,0,0,1,1,0,0,0,0,0,0,0,0,0,0,0,0,0
4883,E07000175,E07000175,Newark and Sherwood,E,Local,Very High,https://www.gov.uk/guidance/local-covid-alert-level-very-high,,1,1,1,0,0,0,1,1,1,0,0,0,0,0,0,0,0,0,0,0,0
6133,E07000172,E07000172,Broxtowe,E,Local,Very High,https://www.gov.uk/guidance/local-covid-alert-level-very-high,,1,1,1,0,0,0,1,1,1,0,0,0,0,0,0,0,0,0,0,0,0
4088,E09000024,E09000024,Merton,E,Local,High,https://www.gov.uk/guidance/local-covid-alert-level-high,,1,1,1,0,0,0,1,1,0,0,0,0,0,0,0,0,0,0,0,0,0
5093,E06000021,E06000021,Stoke-on-Trent,E,Local,High,https://www.gov.uk/guidance/local-covid-alert-level-high,,1,1,1,0,0,0,1,1,0,0,0,0,0,0,0,0,0,0,0,0,0
151,E07000071,E07000071,Colchester,E,Local,High,https://www.gov.uk/guidance/local-covid-alert-level-high,,1,1,1,0,0,0,1,1,0,0,0,0,0,0,0,0,0,0,0,0,0
4099,E08000004,E08000004,Oldham,E,Local,Very High,https://www.gov.uk/guidance/local-covid-alert-level-very-high,,1,1,1,0,0,0,1,1,0,0,0,0,0,0,0,0,0,0,0,0,0
12998,S12000030,S12000030,Stirling,S,Local,,https://www.gov.scot/news/new-moves-to-stop-covid-19-spread/,https://www.gov.scot/publications/coronavirus-covid-19-what-you-can-and-cannot-do/,0,0,0,0,0,0,1,0,1,0,1,1,0,0,0,0,0,1,1,0,0
4995,E07000075,E07000075,Rochford,E,Local,High,https://www.gov.uk/guidance/local-covid-alert-level-high,,1,1,1,0,0,0,1,1,0,0,0,0,0,0,0,0,0,0,0,0,0
4161,E06000009,E06000009,Blackpool,E,Local,Very High,https://www.gov.uk/guidance/local-covid-alert-level-very-high,,1,1,1,0,0,0,1,1,0,0,0,0,0,0,0,0,0,0,0,0,0
8256,E07000073,E07000073,Harlow,E,Local,High,https://www.gov.uk/guidance/local-covid-alert-level-high,,1,1,1,0,0,0,1,1,0,0,0,0,0,0,0,0,0,0,0,0,0
3966,,,Wales,W,National,,,https://gov.wales/coronavirus-firebreak-frequently-asked-questions,0,0,0,0,0,0,0,0,0,1,0,0,0,1,0,1,1,1,0,1,1
33,E07000074,E07000074,Maldon,E,Local,High,https://www.gov.uk/guidance/local-covid-alert-level-high,,1,1,1,0,0,0,1,1,0,0,0,0,0,0,0,0,0,0,0,0,0
6868,E09000003,E09000003,Barnet,E,Local,High,https://www.gov.uk/guidance/local-covid-alert-level-high,,1,1,1,0,0,0,1,1,0,0,0,0,0,0,0,0,0,0,0,0,0
7176,E09000025,E09000025,Newham,E,Local,High,https://www.gov.uk/guidance/local-covid-alert-level-high,,1,1,1,0,0,0,1,1,0,0,0,0,0,0,0,0,0,0,0,0,0
4278,E07000066,E07000066,Basildon,E,Local,High,https://www.gov.uk/guidance/local-covid-alert-level-high,,1,1,1,0,0,0,1,1,0,0,0,0,0,0,0,0,0,0,0,0,0
6851,E09000002,E09000002,Barking and Dagenham,E,Local,High,https://www.gov.uk/guidance/local-covid-alert-level-high,,1,1,1,0,0,0,1,1,0,0,0,0,0,0,0,0,0,0,0,0,0
4073,E09000013,E09000013,Hammersmith and Fulham,E,Local,High,https://www.gov.uk/guidance/local-covid-alert-level-high,,1,1,1,0,0,0,1,1,0,0,0,0,0,0,0,0,0,0,0,0,0
6,E08000024,E08000024,Sunderland,E,Local,High,https://www.gov.uk/guidance/local-covid-alert-level-high,,1,1,1,0,0,0,1,1,0,0,0,0,0,0,0,0,0,0,0,0,0
4925,E07000126,E07000126,South Ribble,E,Local,Very High,https://www.gov.uk/guidance/local-covid-alert-level-very-high,,1,1,1,0,0,0,1,1,0,0,0,0,0,0,0,0,0,0,0,0,0
4655,E06000049,E06000049,Cheshire East,E,Local,High,https://www.gov.uk/guidance/local-covid-alert-level-high,,1,1,1,0,0,0,1,1,0,0,0,0,0,0,0,0,0,0,0,0,0
5357,E06000018,E06000018,Nottingham,E,Local,Very High,https://www.gov.uk/guidance/local-covid-alert-level-very-high,,1,1,1,0,0,0,1,1,1,0,0,0,0,0,0,0,0,0,0,0,0
4157,E06000006,E06000006,Halton,E,Local,Very High,https://www.gov.uk/guidance/local-covid-alert-level-very-high,,1,1,1,0,0,0,1,1,0,0,0,0,0,0,0,0,0,0,0,0,0
4081,E09000017,E09000017,Hillingdon,E,Local,High,https://www.gov.uk/guidance/local-covid-alert-level-high,,1,1,1,0,0,0,1,1,0,0,0,0,0,0,0,0,0,0,0,0,0
4667,E07000174,E07000174,Mansfield,E,Local,Very High,https://www.gov.uk/guidance/local-covid-alert-level-very-high,,1,1,1,0,0,0,1,1,1,0,0,0,0,0,0,0,0,0,0,0,0
5044,E09000028,E09000028,Southwark,E,Local,High,https://www.gov.uk/guidance/local-covid-alert-level-high,,1,1,1,0,0,0,1,1,0,0,0,0,0,0,0,0,0,0,0,0,0
4692,E06000047,E06000047,County Durham,E,Local,High,https://www.gov.uk/guidance/local-covid-alert-level-high,,1,1,1,0,0,0,1,1,0,0,0,0,0,0,0,0,0,0,0,0,0
9814,E09000030,E09000030,Tower Hamlets,E,Local,High,https://www.gov.uk/guidance/local-covid-alert-level-high,,1,1,1,0,0,0,1,1,0,0,0,0,0,0,0,0,0,0,0,0,0
4103,E08000012,E08000012,Liverpool,E,Local,Very High,https://www.gov.uk/guidance/local-covid-alert-level-very-high,,1,1,1,0,0,0,1,1,0,0,0,0,0,0,0,0,0,0,0,0,0
4075,E09000014,E09000014,Haringey,E,Local,High,https://www.gov.uk/guidance/local-covid-alert-level-high,,1,1,1,0,0,0,1,1,0,0,0,0,0,0,0,0,0,0,0,0,0
4101,E08000005,E08000005,Rochdale,E,Local,Very High,https://www.gov.uk/guidance/local-covid-alert-level-very-high,,1,1,1,0,0,0,1,1,0,0,0,0,0,0,0,0,0,0,0,0,0
4082,E09000019,E09000019,Islington,E,Local,High,https://www.gov.uk/guidance/local-covid-alert-level-high,,1,1,1,0,0,0,1,1,0,0,0,0,0,0,0,0,0,0,0,0,0
5674,S12000049,S12000049,Glasgow City,S,Local,,https://www.gov.scot/news/new-moves-to-stop-covid-19-spread/,https://www.gov.scot/publications/coronavirus-covid-19-what-you-can-and-cannot-do/,0,0,0,0,0,0,1,0,1,0,1,1,0,0,0,0,0,1,1,0,0
7367,E08000007,E08000007,Stockport,E,Local,Very High,https://www.gov.uk/guidance/local-covid-alert-level-very-high,,1,1,1,0,0,0,1,1,0,0,0,0,0,0,0,0,0,0,0,0,0
62,E06000057,E06000057,Northumberland,E,Local,High,https://www.gov.uk/guidance/local-covid-alert-level-high,,1,1,1,0,0,0,1,1,0,0,0,0,0,0,0,0,0,0,0,0,0
4079,E09000016,E09000016,Havering,E,Local,High,https://www.gov.uk/guidance/local-covid-alert-level-high,,1,1,1,0,0,0,1,1,0,0,0,0,0,0,0,0,0,0,0,0,0
7247,E09000032,E09000032,Wandsworth,E,Local,High,https://www.gov.uk/guidance/local-covid-alert-level-high,,1,1,1,0,0,0,1,1,0,0,0,0,0,0,0,0,0,0,0,0,0
4086,E09000022,E09000022,Lambeth,E,Local,High,https://www.gov.uk/guidance/local-covid-alert-level-high,,1,1,1,0,0,0,1,1,0,0,0,0,0,0,0,0,0,0,0,0,0
4154,E06000004,E06000004,Stockton-on-Tees,E,Local,High,https://www.gov.uk/guidance/local-covid-alert-level-high,,1,1,1,0,0,0,1,1,0,0,0,0,0,0,0,0,0,0,0,0,0
4960,E06000016,E06000016,Leicester,E,Local,High,https://www.gov.uk/guidance/local-covid-alert-level-high,,1,1,1,0,0,0,1,1,0,0,0,0,0,0,0,0,0,0,0,0,0
6063,E08000030,E08000030,Walsall,E,Local,High,https://www.gov.uk/guidance/local-covid-alert-level-high,,1,1,1,0,0,0,1,1,0,0,0,0,0,0,0,0,0,0,0,0,0
4537,E07000117,E07000117,Burnley,E,Local,Very High,https://www.gov.uk/guidance/local-covid-alert-level-very-high,,1,1,1,0,0,0,1,1,0,0,0,0,0,0,0,0,0,0,0,0,0
5045,E09000023,E09000023,Lewisham,E,Local,High,https://www.gov.uk/guidance/local-covid-alert-level-high,,1,1,1,0,0,0,1,1,0,0,0,0,0,0,0,0,0,0,0,0,0
10066,E07000173,E07000173,Gedling,E,Local,Very High,https://www.gov.uk/guidance/local-covid-alert-level-very-high,,1,1,1,0,0,0,1,1,1,0,0,0,0,0,0,0,0,0,0,0,0
4133,E08000023,E08000023,South Tyneside,E,Local,High,https://www.gov.uk/guidance/local-covid-alert-level-high,,1,1,1,0,0,0,1,1,0,0,0,0,0,0,0,0,0,0,0,0,0
3962,S12000028,S12000028,South Ayrshire,S,Local,,https://www.gov.scot/news/new-moves-to-stop-covid-19-spread/,https://www.gov.scot/publications/coronavirus-covid-19-what-you-can-and-cannot-do/,0,0,0,0,0,0,1,0,1,0,1,1,0,0,0,0,0,1,1,0,0
12890,S12000011,S12000011,East Renfrewshire,S,Local,,https://www.gov.scot/news/new-moves-to-stop-covid-19-spread/,https://www.gov.scot/publications/coronavirus-covid-19-what-you-can-and-cannot-do/,0,0,0,0,0,0,1,0,1,0,1,1,0,0,0,0,0,1,1,0,0
4095,E09000033,E09000033,Westminster,E,Local,High,https://www.gov.uk/guidance/local-covid-alert-level-high,,1,1,1,0,0,0,1,1,0,0,0,0,0,0,0,0,0,0,0,0,0
5213,E07000038,E07000038,North East Derbyshire,E,Local,High,https://www.gov.uk/guidance/local-covid-alert-level-high,,1,1,1,0,0,0,1,1,0,0,0,0,0,0,0,0,0,0,0,0,0
1,E08000015,E08000015,Wirral,E,Local,Very High,https://www.gov.uk/guidance/local-covid-alert-level-very-high,,1,1,1,0,0,0,1,1,0,0,0,0,0,0,0,0,0,0,0,0,0
235,E07000076,E07000076,Tendring,E,Local,High,https://www.gov.uk/guidance/local-covid-alert-level-high,,1,1,1,0,0,0,1,1,0,0,0,0,0,0,0,0,0,0,0,0,0
4550,E07000120,E07000120,Hyndburn,E,Local,Very High,https://www.gov.uk/guidance/local-covid-alert-level-very-high,,1,1,1,0,0,0,1,1,0,0,0,0,0,0,0,0,0,0,0,0,0
5042,E07000207,E07000207,Elmbridge,E,Local,High,https://www.gov.uk/guidance/local-covid-alert-level-high,,1,1,1,0,0,0,1,1,0,0,0,0,0,0,0,0,0,0,0,0,0
4092,E09000031,E09000031,Waltham Forest,E,Local,High,https://www.gov.uk/guidance/local-covid-alert-level-high,,1,1,1,0,0,0,1,1,0,0,0,0,0,0,0,0,0,0,0,0,0
5444,E09000029,E09000029,Sutton,E,Local,High,https://www.gov.uk/guidance/local-covid-alert-level-high,,1,1,1,0,0,0,1,1,0,0,0,0,0,0,0,0,0,0,0,0,0
4585,E07000171,E07000171,Bassetlaw,E,Local,Very High,https://www.gov.uk/guidance/local-covid-alert-level-very-high,,1,1,1,0,0,0,1,1,1,0,0,0,0,0,0,0,0,0,0,0,0
4539,E07000118,E07000118,Chorley,E,Local,Very High,https://www.gov.uk/guidance/local-covid-alert-level-very-high,,1,1,1,0,0,0,1,1,0,0,0,0,0,0,0,0,0,0,0,0,0
5675,S12000039,S12000039,West Dunbartonshire,S,Local,,https://www.gov.scot/news/new-moves-to-stop-covid-19-spread/,https://www.gov.scot/publications/coronavirus-covid-19-what-you-can-and-cannot-do/,0,0,0,0,0,0,1,0,1,0,1,1,0,0,0,0,0,1,1,0,0
274,,,Northern Ireland,N,National,,,https://www.nidirect.gov.uk/articles/coronavirus-covid-19-regulations-guidance-what-restrictions-mean-you,0,0,0,0,0,0,0,0,0,0,0,1,1,0,0,0,1,1,1,1,0
7386,E08000008,E08000008,Tameside,E,Local,Very High,https://www.gov.uk/guidance/local-covid-alert-level-very-high,,1,1,1,0,0,0,1,1,0,0,0,0,0,0,0,0,0,0,0,0,0
5641,S12000018,S12000018,Inverclyde,S,Local,,https://www.gov.scot/news/new-moves-to-stop-covid-19-spread/,https://www.gov.scot/publications/coronavirus-covid-19-what-you-can-and-cannot-do/,0,0,0,0,0,0,1,0,1,0,1,1,0,0,0,0,0,1,1,0,0
5610,S12000014,S12000014,Falkirk,S,Local,,https://www.gov.scot/news/new-moves-to-stop-covid-19-spread/,https://www.gov.scot/publications/coronavirus-covid-19-what-you-can-and-cannot-do/,0,0,0,0,0,0,1,0,1,0,1,1,0,0,0,0,0,1,1,0,0
8691,E07000135,E07000135,Oadby and Wigston,E,Local,High,https://www.gov.uk/guidance/local-covid-alert-level-high,,1,1,1,0,0,0,1,1,0,0,0,0,0,0,0,0,0,0,0,0,0
249,E06000003,E06000003,Redcar and Cleveland,E,Local,High,https://www.gov.uk/guidance/local-covid-alert-level-high,,1,1,1,0,0,0,1,1,0,0,0,0,0,0,0,0,0,0,0,0,0
4988,E08000017,E08000017,Doncaster,E,Local,Very High,https://www.gov.uk/guidance/local-covid-alert-level-very-high,,1,1,1,0,0,0,1,1,0,0,0,0,0,0,0,0,0,0,0,0,0
4146,E08000029,E08000029,Solihull,E,Local,High,https://www.gov.uk/guidance/local-covid-alert-level-high,,1,1,1,0,0,0,1,1,0,0,0,0,0,0,0,0,0,0,0,0,0
7300,E08000002,E08000002,Bury,E,Local,Very High,https://www.gov.uk/guidance/local-covid-alert-level-very-high,,1,1,1,0,0,0,1,1,0,0,0,0,0,0,0,0,0,0,0,0,0
5092,E08000035,E08000035,Leeds,E,Local,High,https://www.gov.uk/guidance/local-covid-alert-level-high,,1,1,1,0,0,0,1,1,0,0,0,0,0,0,0,0,0,0,0,0,0
4974,,E07000037,Part of High Peak,E,Local,High,https://www.gov.uk/guidance/local-covid-alert-level-high,,1,1,1,0,0,0,1,1,0,0,0,0,0,0,0,0,0,0,0,0,0
4769,E09000012,E09000012,Hackney,E,Local,High,https://www.gov.uk/guidance/local-covid-alert-level-high,,1,1,1,0,0,0,1,1,0,0,0,0,0,0,0,0,0,0,0,0,0
5672,S12000050,S12000050,North Lanarkshire,S,Local,,https://www.gov.scot/news/new-moves-to-stop-covid-19-spread/,https://www.gov.scot/publications/coronavirus-covid-19-what-you-can-and-cannot-do/,0,0,0,0,0,0,1,0,1,0,1,1,0,0,0,0,0,1,1,0,0
5208,E07000124,E07000124,Ribble Valley,E,Local,Very High,https://www.gov.uk/guidance/local-covid-alert-level-very-high,,1,1,1,0,0,0,1,1,0,0,0,0,0,0,0,0,0,0,0,0,0
5049,E08000025,E08000025,Birmingham,E,Local,High,https://www.gov.uk/guidance/local-covid-alert-level-high,,1,1,1,0,0,0,1,1,0,0,0,0,0,0,0,0,0,0,0,0,0
4653,E08000034,E08000034,Kirklees,E,Local,High,https://www.gov.uk/guidance/local-covid-alert-level-high,,1,1,1,0,0,0,1,1,0,0,0,0,0,0,0,0,0,0,0,0,0
7749,E08000033,E08000033,Calderdale,E,Local,High,https://www.gov.uk/guidance/local-covid-alert-level-high,,1,1,1,0,0,0,1,1,0,0,0,0,0,0,0,0,0,0,0,0,0
7349,E08000006,E08000006,Salford,E,Local,Very High,https://www.gov.uk/guidance/local-covid-alert-level-very-high,,1,1,1,0,0,0,1,1,0,0,0,0,0,0,0,0,0,0,0,0,0
10837,E08000019,E08000019,Sheffield,E,Local,Very High,https://www.gov.uk/guidance/local-covid-alert-level-very-high,,1,1,1,0,0,0,1,1,0,0,0,0,0,0,0,0,0,0,0,0,0
4841,E08000032,E08000032,Bradford,E,Local,High,https://www.gov.uk/guidance/local-covid-alert-level-high,,1,1,1,0,0,0,1,1,0,0,0,0,0,0,0,0,0,0,0,0,0
7196,E09000027,E09000027,Richmond upon Thames,E,Local,High,https://www.gov.uk/guidance/local-covid-alert-level-high,,1,1,1,0,0,0,1,1,0,0,0,0,0,0,0,0,0,0,0,0,0
4856,E06000002,E06000002,Middlesbrough,E,Local,High,https://www.gov.uk/guidance/local-covid-alert-level-high,,1,1,1,0,0,0,1,1,0,0,0,0,0,0,0,0,0,0,0,0,0
10190,E07000077,E07000077,Uttlesford,E,Local,High,https://www.gov.uk/guidance/local-covid-alert-level-high,,1,1,1,0,0,0,1,1,0,0,0,0,0,0,0,0,0,0,0,0,0
4761,E09000001,E09000001,City of London,E,Local,High,https://www.gov.uk/guidance/local-covid-alert-level-high,,1,1,1,0,0,0,1,1,0,0,0,0,0,0,0,0,0,0,0,0,0
4978,E07000170,E07000170,Ashfield,E,Local,Very High,https://www.gov.uk/guidance/local-covid-alert-level-very-high,,1,1,1,0,0,0,1,1,1,0,0,0,0,0,0,0,0,0,0,0,0
4144,E08000028,E08000028,Sandwell,E,Local,High,https://www.gov.uk/guidance/local-covid-alert-level-high,,1,1,1,0,0,0,1,1,0,0,0,0,0,0,0,0,0,0,0,0,0
9,,,Rest of England,E,National,Medium,https://www.gov.uk/guidance/local-covid-alert-level-medium,,1,0,1,0,0,0,1,1,0,0,0,0,0,0,0,0,0,0,0,0,0
